Bellini Pietro;pietro-1992@outlook.com;Personale
Bellini Pietro;pietro7bellini@email.it;Personale
Palmieri Angela;angela.palmieri55@tiscali.it;Personale
Martini Antonio;martini-antonio29@yahoo.com;Lavoro
Martinelli Angelo;martinelli.angelo45@alice.it;Personale
Martinelli Angelo;angelo.2314@yahoo.com;Lavoro
Lombardo Pietro;pietro50lombardo@libero.it;Personale
Rinaldi Luciano;luciano1482@outlook.com;Lavoro
Neri Margherita;margherita_1419@libero.it;Personale
Esposito Rosa;rosa20esposito@email.it;Personale
Esposito Rosa;esposito_rosa41@pecpec.it;Pec