+39 445 77682459;Mobile;Bellini Pietro
+39 445 88626176;Mobile;Esposito Rosa
+39 453 93411989;Mobile;Gallo Margherita
+39 456 52398281;Mobile;Neri Margherita
+39 476 18919717;Mobile;Martini Antonio
+39 493 24231135;Mobile;Esposito Rosa
+39 494 68262156;Mobile;Martinelli Angelo
+39 496 49518791;Mobile;Lombardo Pietro
0171 37728693;Fisso;Martini Antonio
0171 37728693;Fisso;Martini Concetta
0733 47342377;Fisso;Gallo Margherita
0733 47342377;Fisso;Rinaldi Luciano
0736 54604448;Fisso;Lombardo Pietro
0823 48131986;Fisso;Esposito Rosa
0932 59731682;Fisso;Bellini Pietro
